method,path,name,kind,actor,auth_dependencies,response_model,module,consumer_match,consumer_match_fragment,consumers,destination,target,vertical,note
GET,/,root,view,public,,,app.views.views,exact,/,app/static/js/about.js|app/static/js/admin.js|app/static/js/admin_login.js|app/static/js/base.js|app/static/js/career_lab.js|app/static/js/community.js|app/static/js/community_feed.js|app/static/js/company-candidates.js|app/static/js/company-dashboard.js|app/static/js/company-team.js|app/static/js/dashboard.js|app/static/js/home.js|app/static/js/jobs.js|app/static/js/login.js|app/static/js/questionnaire.js|app/static/js/register.js|app/static/js/resource_detail.js|app/static/js/roadmap_detail.js|app/static/js/roadmaps_list.js|app/static/js/safeDom.js|app/static/js/userProfile.js|app/templates/about.html|app/templates/admin.html|app/templates/admin_login.html|app/templates/base.html|app/templates/career_lab.html|app/templates/community.html|app/templates/community_feed.html|app/templates/company-candidates.html|app/templates/company-dashboard.html|app/templates/company-team.html|app/templates/dashboard.html|app/templates/home.html|app/templates/includes/company_header.html|app/templates/includes/footer.html|app/templates/includes/header.html|app/templates/includes/navbar.html|app/templates/includes/sidebar.html|app/templates/jobs.html|app/templates/login.html|app/templates/questionnaire.html|app/templates/register.html|app/templates/resource_detail.html|app/templates/resources.html|app/templates/roadmap.html|app/templates/roadmap_detail.html|app/templates/roadmaps_list.html|app/templates/userProfile.html,retire,SPA /,V1-TASK-046,Home publica; la sirve el bundle React tras Nginx.
GET,/about,about,view,public,,,app.views.views,exact,/about,app/templates/about.html|app/templates/home.html,retire,SPA /about,V1-TASK-046,
GET,/admin,admin_panel_page,view,student:optional,current_active_user_optional,,app.views.views,exact,/admin,app/static/js/admin.js|app/static/js/admin_login.js,retire,SPA /admin,V8-TASK-053,
GET,/admin/login,admin_login_page,view,student:optional,current_active_user_optional,,app.views.views,prefix,/admin,app/static/js/admin.js|app/static/js/admin_login.js,retire,SPA /admin/login,V8-TASK-053,
GET,/api/v1/admin/applications,list_applications,api,admin,current_active_user|current_admin_user,,app.routes.adminRoute,prefix,/api/v1/admin,app/static/js/admin.js|app/static/js/admin_login.js,rest,GET /api/v1/admin/applications,V8-TASK-053,Coleccion: exige limite de servidor y paginacion (TASK-041).
GET,/api/v1/admin/communities,list_communities,api,admin,current_active_user|current_admin_user,,app.routes.adminRoute,prefix,/api/v1/admin,app/static/js/admin.js|app/static/js/admin_login.js,rest,GET /api/v1/admin/communities,V8-TASK-053,Coleccion: exige limite de servidor y paginacion (TASK-041).
DELETE,/api/v1/admin/communities/{community_id},delete_community,api,admin,current_active_user|current_admin_user,,app.routes.adminRoute,prefix,/api/v1/admin,app/static/js/admin.js|app/static/js/admin_login.js,rest,DELETE /api/v1/admin/communities/{id},V8-TASK-053,
GET,/api/v1/admin/companies,list_companies,api,admin,current_active_user|current_admin_user,,app.routes.adminRoute,prefix,/api/v1/admin,app/static/js/admin.js|app/static/js/admin_login.js,rest,GET /api/v1/admin/companies,V8-TASK-053,Coleccion: exige limite de servidor y paginacion (TASK-041).
DELETE,/api/v1/admin/companies/{company_id},delete_company,api,admin,current_active_user|current_admin_user,,app.routes.adminRoute,prefix,/api/v1/admin,app/static/js/admin.js|app/static/js/admin_login.js,rest,DELETE /api/v1/admin/companies/{id},V8-TASK-053,
GET,/api/v1/admin/jobs,list_jobs,api,admin,current_active_user|current_admin_user,,app.routes.adminRoute,prefix,/api/v1/admin,app/static/js/admin.js|app/static/js/admin_login.js,rest,GET /api/v1/admin/job-postings,V8-TASK-053,La entidad es job posting; jobs colisiona con los jobs de analisis de CV.
DELETE,/api/v1/admin/jobs/{job_id},delete_job,api,admin,current_active_user|current_admin_user,,app.routes.adminRoute,prefix,/api/v1/admin,app/static/js/admin.js|app/static/js/admin_login.js,rest,DELETE /api/v1/admin/job-postings/{id},V8-TASK-053,
PATCH,/api/v1/admin/jobs/{job_id}/toggle-active,toggle_job_active,api,admin,current_active_user|current_admin_user,,app.routes.adminRoute,prefix,/api/v1/admin,app/static/js/admin.js|app/static/js/admin_login.js,rest,PATCH /api/v1/admin/job-postings/{id},V8-TASK-053,Mismo criterio que toggle-active de usuarios en 5.2: estado explicito {is_active} en vez de toggle.
GET,/api/v1/admin/resources,list_resources,api,admin,current_active_user|current_admin_user,,app.routes.adminRoute,prefix,/api/v1/admin,app/static/js/admin.js|app/static/js/admin_login.js,rest,GET /api/v1/admin/resources,V8-TASK-053,Coleccion: exige limite de servidor y paginacion (TASK-041).
POST,/api/v1/admin/resources,create_resource,api,admin,current_active_user|current_admin_user,,app.routes.adminRoute,prefix,/api/v1/admin,app/static/js/admin.js|app/static/js/admin_login.js,rest,POST /api/v1/admin/resources,V8-TASK-053,
POST,/api/v1/admin/resources/upload-file,upload_resource_file,api,admin,current_active_user|current_admin_user,,app.routes.adminRoute,prefix,/api/v1/admin,app/static/js/admin.js|app/static/js/admin_login.js,rest,POST /api/v1/admin/resource-files,V8-TASK-053,Crea un recurso de archivo con identidad propia; hoy es una accion anonima.
DELETE,/api/v1/admin/resources/{resource_id},delete_resource,api,admin,current_active_user|current_admin_user,,app.routes.adminRoute,prefix,/api/v1/admin,app/static/js/admin.js|app/static/js/admin_login.js,rest,DELETE /api/v1/admin/resources/{id},V8-TASK-053,
GET,/api/v1/admin/resources/{resource_id},get_resource_detail,api,admin,current_active_user|current_admin_user,,app.routes.adminRoute,prefix,/api/v1/admin,app/static/js/admin.js|app/static/js/admin_login.js,rest,GET /api/v1/admin/resources/{id},V8-TASK-053,
PUT,/api/v1/admin/resources/{resource_id},update_resource,api,admin,current_active_user|current_admin_user,,app.routes.adminRoute,prefix,/api/v1/admin,app/static/js/admin.js|app/static/js/admin_login.js,rest,PUT /api/v1/admin/resources/{id},V8-TASK-053,
PATCH,/api/v1/admin/resources/{resource_id}/toggle-locked,toggle_resource_locked,api,admin,current_active_user|current_admin_user,,app.routes.adminRoute,prefix,/api/v1/admin,app/static/js/admin.js|app/static/js/admin_login.js,rest,PATCH /api/v1/admin/resources/{id},V8-TASK-053,Se funde con toggle-published en un PATCH con {is_locked}.
PATCH,/api/v1/admin/resources/{resource_id}/toggle-published,toggle_resource_published,api,admin,current_active_user|current_admin_user,,app.routes.adminRoute,prefix,/api/v1/admin,app/static/js/admin.js|app/static/js/admin_login.js,rest,PATCH /api/v1/admin/resources/{id},V8-TASK-053,Se funde con toggle-locked en un PATCH con {is_published}.
GET,/api/v1/admin/stats,admin_stats,api,admin,current_active_user|current_admin_user,,app.routes.adminRoute,exact,/api/v1/admin/stats,app/static/js/admin_login.js,rest,GET /api/v1/admin/stats,V8-TASK-053,Presenter de admin; unica ruta admin con consumidor literal en el JS actual.
GET,/api/v1/admin/users,list_users,api,admin,current_active_user|current_admin_user,,app.routes.adminRoute,prefix,/api/v1/admin,app/static/js/admin.js|app/static/js/admin_login.js,rest,GET /api/v1/admin/users,V8-TASK-053,Coleccion: exige limite de servidor y paginacion (TASK-041).
DELETE,/api/v1/admin/users/{user_id},delete_user,api,admin,current_active_user|current_admin_user,,app.routes.adminRoute,prefix,/api/v1/admin,app/static/js/admin.js|app/static/js/admin_login.js,rest,DELETE /api/v1/admin/users/{id},V8-TASK-053,
GET,/api/v1/admin/users/{user_id}/resource-progress,user_resource_progress,api,admin,current_active_user|current_admin_user,,app.routes.adminRoute,prefix,/api/v1/admin,app/static/js/admin.js|app/static/js/admin_login.js,rest,GET /api/v1/admin/users/{id}/resource-progress,V8-TASK-053,Proyeccion de progreso; debe salir de la policy unica de TASK-016.
PATCH,/api/v1/admin/users/{user_id}/toggle-active,toggle_user_active,api,admin,current_active_user|current_admin_user,,app.routes.adminRoute,prefix,/api/v1/admin,app/static/js/admin.js|app/static/js/admin_login.js,rest,PATCH /api/v1/admin/users/{id},V8-TASK-053,Correspondencia explicita en 5.2 del plan 08.
PATCH,/api/v1/admin/users/{user_id}/toggle-superuser,toggle_user_superuser,api,admin,current_active_user|current_admin_user,,app.routes.adminRoute,prefix,/api/v1/admin,app/static/js/admin.js|app/static/js/admin_login.js,rest,PATCH /api/v1/admin/users/{id},V8-TASK-053,Se funde con toggle-active en el mismo PATCH con {is_superuser}.
GET,/api/v1/applications,get_applications,api,student,current_active_user,List,app.routes.dashboardRoute,exact,/api/v1/applications,app/static/js/jobs.js,rest,GET /api/v1/applications,V4-TASK-049,Coleccion: exige limite de servidor y paginacion (TASK-041).
POST,/api/v1/applications,create_application,api,student,current_active_user,ApplicationRead,app.routes.dashboardRoute,exact,/api/v1/applications,app/static/js/jobs.js,rest,POST /api/v1/applications,V4-TASK-049,Exige Idempotency-Key (5.1 del plan 08 y TASK-041).
GET,/api/v1/applications/eligible-resumes,get_eligible_resumes_for_application,api,student,current_active_user,List,app.routes.dashboardRoute,exact,/api/v1/applications/eligible-resumes,app/static/js/jobs.js,rest,GET /api/v1/resumes?eligible_for=application,V4-TASK-049,No es subrecurso de applications sino la coleccion de CV filtrada; consumida por la pantalla de candidatura.
DELETE,/api/v1/applications/{application_id},delete_application,api,student,current_active_user,,app.routes.dashboardRoute,prefix,/api/v1/applications,app/static/js/jobs.js,rest,DELETE /api/v1/applications/{id},V4-TASK-049,
PATCH,/api/v1/applications/{application_id},update_application,api,student,current_active_user,ApplicationRead,app.routes.dashboardRoute,prefix,/api/v1/applications,app/static/js/jobs.js,rest,PATCH /api/v1/applications/{id},V4-TASK-049,Las transiciones las decide el backend (TASK-014); React solo proyecta.
POST,/api/v1/applications/{application_id}/interview-selection,select_interview_availability,api,student,current_active_user,ApplicationRead,app.routes.dashboardRoute,prefix,/api/v1/applications,app/static/js/jobs.js,rest,PUT /api/v1/applications/{id}/selected-interview,V4-TASK-049,Correspondencia explicita en 5.2 del plan 08; seleccion idempotente serializada por TASK-015.
POST,/api/v1/auth/company/forgot-password,reset:forgot_password,api,public,,,fastapi_users.router.reset,prefix,/api/v1/auth/company,app/static/js/base.js|app/static/js/login.js|app/static/js/register.js,rest,POST /api/v1/auth/company/forgot-password,V5-TASK-050,Generado por fastapi-users; no lo cuenta el recuento de 150 handlers del plan.
POST,/api/v1/auth/company/login,auth:jwt.login,api,public,,,fastapi_users.router.auth,exact,/api/v1/auth/company/login,app/static/js/login.js,rest,POST /api/v1/auth/company/session,V5-TASK-050,6.2 del plan 08 pide login/logout consistentes por actor; TASK-042.
POST,/api/v1/auth/company/logout,auth:jwt.logout,api,recruiter,current_user_token_dependency,,fastapi_users.router.auth,exact,/api/v1/auth/company/logout,app/static/js/base.js,rest,DELETE /api/v1/auth/company/session,V5-TASK-050,Par simetrico del anterior; TASK-042.
POST,/api/v1/auth/company/register,register_company_with_initial_recruiter,api,public,,CompanyRead,app.routes.companyRoute,exact,/api/v1/auth/company/register,app/static/js/register.js,rest,POST /api/v1/companies,V5-TASK-050,Registrar una compania crea el recurso compania; el actor recruiter sale de ahi.
POST,/api/v1/auth/company/request-verify-token,verify:request-token,api,public,,,fastapi_users.router.verify,prefix,/api/v1/auth/company,app/static/js/base.js|app/static/js/login.js|app/static/js/register.js,rest,POST /api/v1/auth/company/verification-requests,V5-TASK-050,Generado por fastapi-users.
POST,/api/v1/auth/company/reset-password,reset:reset_password,api,public,,,fastapi_users.router.reset,prefix,/api/v1/auth/company,app/static/js/base.js|app/static/js/login.js|app/static/js/register.js,rest,POST /api/v1/auth/company/password-resets,V5-TASK-050,Generado por fastapi-users.
POST,/api/v1/auth/company/verify,verify:verify,api,public,,CompanyRecruiterRead,fastapi_users.router.verify,prefix,/api/v1/auth/company,app/static/js/base.js|app/static/js/login.js|app/static/js/register.js,rest,POST /api/v1/auth/company/verifications,V5-TASK-050,Generado por fastapi-users.
POST,/api/v1/auth/forgot-password,reset:forgot_password,api,public,,,fastapi_users.router.reset,prefix,/api/v1/auth,app/static/js/base.js|app/static/js/login.js|app/static/js/register.js|app/templates/login.html,rest,POST /api/v1/auth/forgot-password,V1-TASK-046,Generado por fastapi-users.
GET,/api/v1/auth/register,register,view,public,,,app.views.views,exact,/api/v1/auth/register,app/static/js/register.js|app/templates/login.html,retire,SPA /register,V1-TASK-046,DEFECTO: es una vista Jinja montada bajo /api/v1 y comparte path con el POST de la API. Retirarla elimina la colision.
POST,/api/v1/auth/register,register:register,api,public,,UserRead,fastapi_users.router.register,exact,/api/v1/auth/register,app/static/js/register.js|app/templates/login.html,rest,POST /api/v1/users,V1-TASK-046,Registrar crea el recurso usuario; generado por fastapi-users.
POST,/api/v1/auth/request-verify-token,verify:request-token,api,public,,,fastapi_users.router.verify,prefix,/api/v1/auth,app/static/js/base.js|app/static/js/login.js|app/static/js/register.js|app/templates/login.html,rest,POST /api/v1/auth/verification-requests,V1-TASK-046,Generado por fastapi-users.
POST,/api/v1/auth/reset-password,reset:reset_password,api,public,,,fastapi_users.router.reset,prefix,/api/v1/auth,app/static/js/base.js|app/static/js/login.js|app/static/js/register.js|app/templates/login.html,rest,POST /api/v1/auth/password-resets,V1-TASK-046,Generado por fastapi-users.
POST,/api/v1/auth/verify,verify:verify,api,public,,UserRead,fastapi_users.router.verify,prefix,/api/v1/auth,app/static/js/base.js|app/static/js/login.js|app/static/js/register.js|app/templates/login.html,rest,POST /api/v1/auth/verifications,V1-TASK-046,Generado por fastapi-users.
GET,/api/v1/capstone/analytics/roles,get_capstone_analytics_roles,api,student,current_active_user,CapstoneAnalyticsRolesRead,app.routes.capstoneAnalyticsRoute,exact,/api/v1/capstone/analytics/roles,app/static/js/career_lab.js,rest,GET /api/v1/capstone/roles,V7-TASK-052,
POST,/api/v1/capstone/analytics/seed,seed_capstone_analytics_catalog,api,student,current_active_user,CapstoneAnalyticsSeedSummaryRead,app.routes.capstoneAnalyticsRoute,prefix,/api/v1/capstone/analytics,app/static/js/career_lab.js,internal,POST /api/v1/internal/capstone/seed,V7-TASK-052,Operacion de datos semilla; no la consume ninguna pantalla. Debe quedar tras auth interna y fuera del contrato publico.
GET,/api/v1/capstone/analytics/status,get_capstone_analytics_status,api,student,current_active_user,CapstoneAnalyticsStatusRead,app.routes.capstoneAnalyticsRoute,exact,/api/v1/capstone/analytics/status,app/static/js/career_lab.js,rest,GET /api/v1/capstone/status,V7-TASK-052,
GET,/api/v1/capstone/catalog/quality,get_capstone_catalog_quality,api,student,current_active_user,CapstoneCatalogQualityRead,app.routes.capstoneAnalyticsRoute,exact,/api/v1/capstone/catalog/quality,app/static/js/career_lab.js,rest,GET /api/v1/capstone/catalog-quality,V7-TASK-052,
GET,/api/v1/capstone/gap-analysis,get_capstone_gap_analysis,api,student,current_active_user,CapstoneGapAnalysisRead,app.routes.capstoneAnalyticsRoute,exact,/api/v1/capstone/gap-analysis,app/static/js/career_lab.js,rest,GET /api/v1/capstone/gap-analysis,V7-TASK-052,
POST,/api/v1/capstone/job-postings/skills/sync-open,sync_open_job_posting_skills,api,student,current_active_user,CapstoneJobSkillBatchExtractionRead,app.routes.capstoneAnalyticsRoute,prefix,/api/v1/capstone,app/static/js/career_lab.js,internal,POST /api/v1/internal/capstone/skill-syncs,V7-TASK-052,Barrido masivo sobre ofertas abiertas; 5.2 exige que devuelva un run con identidad y estado. Lo hace batch TASK-019.
POST,/api/v1/capstone/job-postings/{job_posting_id}/skills/sync,sync_job_posting_skills,api,student,current_active_user,CapstoneJobSkillExtractionRead,app.routes.capstoneAnalyticsRoute,prefix,/api/v1/capstone,app/static/js/career_lab.js,rest,POST /api/v1/capstone/job-postings/{id}/skill-syncs,V7-TASK-052,Crea una ejecucion auditable; devuelve run con identidad y estado.
POST,/api/v1/capstone/learning-route/evaluate-baselines,evaluate_capstone_learning_route_baselines,api,student,current_active_user,CapstoneLearningRouteBaselineEvaluationRead,app.routes.capstoneAnalyticsRoute,exact,/api/v1/capstone/learning-route/evaluate-baselines,app/static/js/career_lab.js,rest,POST /api/v1/capstone/learning-route/baseline-runs,V7-TASK-052,Crea una ejecucion auditable.
POST,/api/v1/capstone/learning-route/optimize,optimize_capstone_learning_route,api,student,current_active_user,CapstoneLearningRouteOptimizationRead,app.routes.capstoneAnalyticsRoute,exact,/api/v1/capstone/learning-route/optimize,app/static/js/career_lab.js,rest,POST /api/v1/capstone/learning-route/runs,V7-TASK-052,Crea el run que ya lista GET runs; CP-SAT fuera del loop por TASK-022.
GET,/api/v1/capstone/learning-route/runs,list_capstone_learning_route_runs,api,student,current_active_user,CapstoneLearningRouteRunsRead,app.routes.capstoneAnalyticsRoute,exact,/api/v1/capstone/learning-route/runs,app/static/js/career_lab.js,rest,GET /api/v1/capstone/learning-route/runs,V7-TASK-052,Coleccion: exige limite de servidor y paginacion (TASK-041).
GET,/api/v1/capstone/resumes/{resume_id}/skills,list_resume_skills_for_review,api,student,current_active_user,CapstoneResumeSkillReviewRead,app.routes.capstoneAnalyticsRoute,prefix,/api/v1/capstone/resumes,app/static/js/career_lab.js,rest,GET /api/v1/resumes/{id}/skills,V7-TASK-052,El CV es el mismo recurso que /resumes; capstone no es un espacio de nombres distinto.
POST,/api/v1/capstone/resumes/{resume_id}/skills/extract,extract_resume_skills,api,student,current_active_user,CapstoneSkillExtractionRead,app.routes.capstoneAnalyticsRoute,prefix,/api/v1/capstone/resumes,app/static/js/career_lab.js,rest,POST /api/v1/resumes/{id}/skill-extractions,V7-TASK-052,Crea una ejecucion auditable; consume cuota de IA.
POST,/api/v1/capstone/resumes/{resume_id}/skills/manual,add_manual_resume_skill,api,student,current_active_user,CapstoneResumeSkillReviewRead,app.routes.capstoneAnalyticsRoute,prefix,/api/v1/capstone/resumes,app/static/js/career_lab.js,rest,POST /api/v1/resumes/{id}/skills,V7-TASK-052,Alta manual de una skill: es la creacion normal de la subcoleccion.
POST,/api/v1/capstone/resumes/{resume_id}/skills/sync,sync_resume_skills_from_summary,api,student,current_active_user,CapstoneSkillExtractionRead,app.routes.capstoneAnalyticsRoute,prefix,/api/v1/capstone/resumes,app/static/js/career_lab.js,rest,POST /api/v1/resumes/{id}/skill-syncs,V7-TASK-052,Crea una ejecucion auditable.
DELETE,/api/v1/capstone/resumes/{resume_id}/skills/{resume_skill_id},delete_resume_skill,api,student,current_active_user,CapstoneResumeSkillReviewRead,app.routes.capstoneAnalyticsRoute,prefix,/api/v1/capstone/resumes,app/static/js/career_lab.js,rest,DELETE /api/v1/resumes/{id}/skills/{skill_id},V7-TASK-052,
PATCH,/api/v1/capstone/resumes/{resume_id}/skills/{resume_skill_id},update_resume_skill_review_status,api,student,current_active_user,CapstoneResumeSkillReviewRead,app.routes.capstoneAnalyticsRoute,prefix,/api/v1/capstone/resumes,app/static/js/career_lab.js,rest,PATCH /api/v1/resumes/{id}/skills/{skill_id},V7-TASK-052,
GET,/api/v1/communities,list_communities,api,student,current_active_user,list,app.routes.communityRoute,exact,/api/v1/communities,app/static/js/community.js|app/static/js/community_feed.js,rest,GET /api/v1/communities,V6-TASK-051,Coleccion: exige limite de servidor y paginacion (TASK-041). El contador sale de membresias (TASK-017).
POST,/api/v1/communities,create_community,api,student,current_active_user,CommunityRead,app.routes.communityRoute,exact,/api/v1/communities,app/static/js/community.js|app/static/js/community_feed.js,rest,POST /api/v1/communities,V6-TASK-051,
GET,/api/v1/communities/tags,list_community_tags,api,student,current_active_user,list,app.routes.communityRoute,exact,/api/v1/communities/tags,app/static/js/community.js,rest,GET /api/v1/community-tags,V6-TASK-051,No es subrecurso de una comunidad concreta; hoy compite con /communities/{id}.
GET,/api/v1/communities/{community_id},get_community,api,student,current_active_user,CommunityRead,app.routes.communityRoute,prefix,/api/v1/communities,app/static/js/community.js|app/static/js/community_feed.js,rest,GET /api/v1/communities/{id},V6-TASK-051,
POST,/api/v1/communities/{community_id}/join,join_community,api,student,current_active_user,CommunityMemberRead,app.routes.communityRoute,prefix,/api/v1/communities,app/static/js/community.js|app/static/js/community_feed.js,rest,PUT /api/v1/communities/{id}/members/me,V6-TASK-051,Correspondencia explicita en 5.2 del plan 08; relacion idempotente.
DELETE,/api/v1/communities/{community_id}/leave,leave_community,api,student,current_active_user,,app.routes.communityRoute,prefix,/api/v1/communities,app/static/js/community.js|app/static/js/community_feed.js,rest,DELETE /api/v1/communities/{id}/members/me,V6-TASK-051,Correspondencia explicita en 5.2 del plan 08.
GET,/api/v1/communities/{community_id}/membership,check_membership,api,student,current_active_user,,app.routes.communityRoute,prefix,/api/v1/communities,app/static/js/community.js|app/static/js/community_feed.js,rest,GET /api/v1/communities/{id}/members/me,V6-TASK-051,Mismo recurso que join/leave leido; hoy tiene nombre propio.
GET,/api/v1/communities/{community_id}/posts,list_community_posts,api,student,current_active_user,list,app.routes.communityRoute,prefix,/api/v1/communities,app/static/js/community.js|app/static/js/community_feed.js,rest,GET /api/v1/communities/{id}/posts,V6-TASK-051,Se funde con la variante enriched: una sola coleccion con expansion declarada.
POST,/api/v1/communities/{community_id}/posts,create_community_post,api,student,current_active_user,CommunityPostRead,app.routes.communityRoute,prefix,/api/v1/communities,app/static/js/community.js|app/static/js/community_feed.js,rest,POST /api/v1/communities/{id}/posts,V6-TASK-051,Borrado restringido al propietario por TASK-003.
GET,/api/v1/communities/{community_id}/posts/enriched,list_community_posts_enriched,api,student,current_active_user,list,app.routes.communityRoute,prefix,/api/v1/communities,app/static/js/community.js|app/static/js/community_feed.js,rest,GET /api/v1/communities/{id}/posts?expand=author,V6-TASK-051,DUPLICADO: misma coleccion con otra forma de respuesta. Dos endpoints para un recurso es la fuente de verdad partida que el plan prohibe.
GET,/api/v1/community-posts/{post_id}/comments,list_comments,api,student,current_active_user,list,app.routes.communityRoute,prefix,/api/v1/community-posts,app/static/js/community_feed.js,rest,GET /api/v1/community-posts/{id}/comments,V6-TASK-051,Se funde con la variante enriched.
POST,/api/v1/community-posts/{post_id}/comments,create_comment,api,student,current_active_user,CommunityPostCommentRead,app.routes.communityRoute,prefix,/api/v1/community-posts,app/static/js/community_feed.js,rest,POST /api/v1/community-posts/{id}/comments,V6-TASK-051,
GET,/api/v1/community-posts/{post_id}/comments/enriched,list_comments_enriched,api,student,current_active_user,list,app.routes.communityRoute,prefix,/api/v1/community-posts,app/static/js/community_feed.js,rest,GET /api/v1/community-posts/{id}/comments?expand=author,V6-TASK-051,DUPLICADO: misma coleccion con otra forma de respuesta.
DELETE,/api/v1/community-posts/{post_id}/likes,unlike_post,api,student,current_active_user,,app.routes.communityRoute,prefix,/api/v1/community-posts,app/static/js/community_feed.js,rest,DELETE /api/v1/community-posts/{id}/likes/me,V6-TASK-051,Relacion del actor con el post; idempotente.
POST,/api/v1/community-posts/{post_id}/likes,like_post,api,student,current_active_user,,app.routes.communityRoute,prefix,/api/v1/community-posts,app/static/js/community_feed.js,rest,PUT /api/v1/community-posts/{id}/likes/me,V6-TASK-051,Mismo criterio que join de comunidades en 5.2: relacion idempotente.
GET,/api/v1/companies/me,get_current_company_profile,api,recruiter,current_active_company|current_active_company_recruiter,CompanyRead,app.routes.companyRoute,exact,/api/v1/companies/me,app/static/js/company-candidates.js|app/static/js/company-dashboard.js|app/static/js/company-team.js,rest,GET /api/v1/companies/me,V5-TASK-050,
PATCH,/api/v1/companies/me,update_current_company_profile,api,recruiter,current_active_company|current_active_company_recruiter,CompanyRead,app.routes.companyRoute,exact,/api/v1/companies/me,app/static/js/company-candidates.js|app/static/js/company-dashboard.js|app/static/js/company-team.js,rest,PATCH /api/v1/companies/me,V5-TASK-050,
GET,/api/v1/companies/me/applicants,list_company_applicants,api,recruiter,current_active_company|current_active_company_recruiter,List,app.routes.companyRoute,exact,/api/v1/companies/me/applicants,app/static/js/company-candidates.js|app/static/js/company-dashboard.js,rest,GET /api/v1/companies/me/applications,V5-TASK-050,La entidad es la candidatura; applicants nombra a la persona y no al recurso listado.
PATCH,/api/v1/companies/me/applicants/{application_id},update_company_applicant_pipeline,api,recruiter:job_manager,current_active_company_recruiter|current_company_job_manager_recruiter,CompanyApplicantRead,app.routes.companyRoute,prefix,/api/v1/companies/me/applicants,app/static/js/company-candidates.js|app/static/js/company-dashboard.js,rest,PATCH /api/v1/companies/me/applications/{id},V5-TASK-050,Transiciones centralizadas en el backend (TASK-014).
POST,/api/v1/companies/me/applicants/{application_id}/interview-availabilities,publish_company_applicant_interview_availabilities,api,recruiter:job_manager,current_active_company_recruiter|current_company_job_manager_recruiter,CompanyApplicantRead,app.routes.companyRoute,prefix,/api/v1/companies/me/applicants,app/static/js/company-candidates.js|app/static/js/company-dashboard.js,rest,PUT /api/v1/companies/me/applications/{id}/interview-availabilities,V5-TASK-050,Reemplaza el conjunto completo de disponibilidades; idempotente.
GET,/api/v1/companies/me/applications/{application_id}/resume/download,download_company_applicant_resume,api,recruiter,current_active_company|current_active_company_recruiter,,app.routes.companyRoute,prefix,/api/v1/companies/me,app/static/js/company-candidates.js|app/static/js/company-dashboard.js|app/static/js/company-team.js,rest,GET /api/v1/companies/me/applications/{id}/resume?disposition=attachment,V5-TASK-050,download y preview son el mismo recurso con distinto Content-Disposition.
GET,/api/v1/companies/me/applications/{application_id}/resume/preview,preview_company_applicant_resume,api,recruiter,current_active_company|current_active_company_recruiter,,app.routes.companyRoute,prefix,/api/v1/companies/me,app/static/js/company-candidates.js|app/static/js/company-dashboard.js|app/static/js/company-team.js,rest,GET /api/v1/companies/me/applications/{id}/resume,V5-TASK-050,Autorizacion por entidad visible (TASK-008).
GET,/api/v1/companies/me/job-postings,list_current_company_job_postings,api,recruiter:job_manager,current_active_company|current_active_company_recruiter|current_company_job_manager_recruiter,List,app.routes.jobRoute,exact,/api/v1/companies/me/job-postings,app/static/js/company-candidates.js|app/static/js/company-dashboard.js,rest,GET /api/v1/companies/me/job-postings,V5-TASK-050,Coleccion: exige limite de servidor y paginacion (TASK-041).
POST,/api/v1/companies/me/job-postings,create_current_company_job_posting,api,recruiter:job_manager,current_active_company|current_active_company_recruiter|current_company_job_manager_recruiter,JobPostingRead,app.routes.jobRoute,exact,/api/v1/companies/me/job-postings,app/static/js/company-candidates.js|app/static/js/company-dashboard.js,rest,POST /api/v1/companies/me/job-postings,V5-TASK-050,Exige Idempotency-Key (5.1 del plan 08).
DELETE,/api/v1/companies/me/job-postings/{job_posting_id},delete_current_company_job_posting,api,recruiter:job_manager,current_active_company|current_active_company_recruiter|current_company_job_manager_recruiter,,app.routes.jobRoute,prefix,/api/v1/companies/me/job-postings,app/static/js/company-candidates.js|app/static/js/company-dashboard.js,rest,DELETE /api/v1/companies/me/job-postings/{id},V5-TASK-050,
PATCH,/api/v1/companies/me/job-postings/{job_posting_id},update_current_company_job_posting,api,recruiter:job_manager,current_active_company|current_active_company_recruiter|current_company_job_manager_recruiter,JobPostingRead,app.routes.jobRoute,prefix,/api/v1/companies/me/job-postings,app/static/js/company-candidates.js|app/static/js/company-dashboard.js,rest,PATCH /api/v1/companies/me/job-postings/{id},V5-TASK-050,
GET,/api/v1/companies/me/recruiters,list_company_recruiters,api,recruiter:owner,current_active_company_recruiter|current_company_owner_recruiter,List,app.routes.companyRoute,exact,/api/v1/companies/me/recruiters,app/static/js/company-team.js,rest,GET /api/v1/companies/me/recruiters,V5-TASK-050,
POST,/api/v1/companies/me/recruiters,create_company_recruiter,api,recruiter:owner,current_active_company_recruiter|current_company_owner_recruiter,CompanyRecruiterManagementRead,app.routes.companyRoute,exact,/api/v1/companies/me/recruiters,app/static/js/company-team.js,rest,POST /api/v1/companies/me/recruiters,V5-TASK-050,
GET,/api/v1/companies/me/recruiters/current,get_current_company_recruiter_profile,api,recruiter,current_active_company_recruiter,CompanyRecruiterManagementRead,app.routes.companyRoute,prefix,/api/v1/companies/me/recruiters,app/static/js/company-team.js,rest,GET /api/v1/companies/me/recruiters/me,V5-TASK-050,current y me nombran lo mismo; /me es la convencion ya usada en el resto de la API.
DELETE,/api/v1/companies/me/recruiters/{recruiter_id},delete_company_recruiter,api,recruiter:owner,current_active_company_recruiter|current_company_owner_recruiter,,app.routes.companyRoute,prefix,/api/v1/companies/me/recruiters,app/static/js/company-team.js,rest,DELETE /api/v1/companies/me/recruiters/{id},V5-TASK-050,
PATCH,/api/v1/companies/me/recruiters/{recruiter_id},update_company_recruiter,api,recruiter:owner,current_active_company_recruiter|current_company_owner_recruiter,CompanyRecruiterManagementRead,app.routes.companyRoute,prefix,/api/v1/companies/me/recruiters,app/static/js/company-team.js,rest,PATCH /api/v1/companies/me/recruiters/{id},V5-TASK-050,
GET,/api/v1/company_dashboard,get_company_dashboard,api,recruiter,current_active_company|current_active_company_recruiter,Dict,app.routes.dashboardRoute,exact,/api/v1/company_dashboard,app/static/js/company-candidates.js|app/static/js/company-dashboard.js,rest,GET /api/v1/companies/me/dashboard,V5-TASK-050,Correspondencia explicita en 5.2 del plan 08.
GET,/api/v1/conversations,list_conversations,api,student,current_active_user,list,app.routes.messageRoute,none,,,rest,GET /api/v1/conversations,V6-TASK-051,SIN CONSUMIDOR hoy: ninguna plantilla ni JS la llama. La estrena la pantalla React de mensajes (TASK-051) sobre el cursor de TASK-024.
POST,/api/v1/conversations/direct,create_direct_conversation,api,student,current_active_user,ConversationSummaryRead,app.routes.messageRoute,none,,,rest,POST /api/v1/conversations,V6-TASK-051,SIN CONSUMIDOR hoy. direct es el tipo de conversacion y va en el cuerpo
GET,/api/v1/conversations/{conversation_id}/messages,list_messages,api,student,current_active_user,list,app.routes.messageRoute,none,,,rest,GET /api/v1/conversations/{id}/messages,V6-TASK-051,SIN CONSUMIDOR hoy. Paginacion por cursor obligatoria (5.1 del plan 08 y TASK-024).
POST,/api/v1/conversations/{conversation_id}/messages,send_message,api,student,current_active_user,MessageRead,app.routes.messageRoute,none,,,rest,POST /api/v1/conversations/{id}/messages,V6-TASK-051,SIN CONSUMIDOR hoy.
POST,/api/v1/conversations/{conversation_id}/read,mark_conversation_read,api,student,current_active_user,ConversationReadReceipt,app.routes.messageRoute,none,,,rest,PUT /api/v1/conversations/{id}/read-receipts/me,V6-TASK-051,SIN CONSUMIDOR hoy. Marcar leido es una relacion idempotente del actor.
GET,/api/v1/dashboard/stats,get_dashboard_stats,api,student,current_active_user,Dict,app.routes.dashboardRoute,none,,,rest,GET /api/v1/dashboard/student,V3-TASK-048,SIN CONSUMIDOR en el frontend: dashboard.js llama students_dashboard. Solo lo cubren tests. Se funde con students_dashboard en el presenter unico de 5.2.
DELETE,/api/v1/delete_post/{post_id},delete_post,api,student,current_active_user,,app.routes.postRoute,none,,,retire,DELETE /api/v1/community-posts/{id},V6-TASK-051,SIN CONSUMIDOR: API de posts legacy anterior a las comunidades. Verificar cero trafico antes de retirar (TASK-059).
GET,/api/v1/friends,list_friends,api,student,current_active_user,list,app.routes.friendshipRoute,exact,/api/v1/friends,app/static/js/community_feed.js|app/static/js/userProfile.js,rest,GET /api/v1/friends,V6-TASK-051,Coleccion: exige limite de servidor y paginacion (TASK-041).
POST,/api/v1/friends/requests,send_friend_request,api,student,current_active_user,FriendRequestRead,app.routes.friendshipRoute,exact,/api/v1/friends/requests,app/static/js/community_feed.js|app/static/js/userProfile.js,rest,POST /api/v1/friend-requests,V6-TASK-051,La solicitud es un recurso propio; 5.2 ya usa /friend-requests para el accept.
GET,/api/v1/friends/requests/incoming,list_incoming_friend_requests,api,student,current_active_user,list,app.routes.friendshipRoute,exact,/api/v1/friends/requests/incoming,app/static/js/userProfile.js,rest,GET /api/v1/friend-requests?direction=incoming,V6-TASK-051,Direccion como filtro y no como path: es la misma coleccion.
GET,/api/v1/friends/requests/outgoing,list_outgoing_friend_requests,api,student,current_active_user,list,app.routes.friendshipRoute,exact,/api/v1/friends/requests/outgoing,app/static/js/userProfile.js,rest,GET /api/v1/friend-requests?direction=outgoing,V6-TASK-051,Direccion como filtro y no como path: es la misma coleccion.
POST,/api/v1/friends/requests/{request_id}/accept,accept_friend_request,api,student,current_active_user,FriendRequestRead,app.routes.friendshipRoute,prefix,/api/v1/friends/requests,app/static/js/community_feed.js|app/static/js/userProfile.js,rest,PATCH /api/v1/friend-requests/{id},V6-TASK-051,Correspondencia explicita en 5.2 del plan 08: {status: accepted}.
POST,/api/v1/friends/requests/{request_id}/cancel,cancel_friend_request,api,student,current_active_user,FriendRequestRead,app.routes.friendshipRoute,prefix,/api/v1/friends/requests,app/static/js/community_feed.js|app/static/js/userProfile.js,rest,PATCH /api/v1/friend-requests/{id},V6-TASK-051,Mismo PATCH con {status: cancelled}.
POST,/api/v1/friends/requests/{request_id}/reject,reject_friend_request,api,student,current_active_user,FriendRequestRead,app.routes.friendshipRoute,prefix,/api/v1/friends/requests,app/static/js/community_feed.js|app/static/js/userProfile.js,rest,PATCH /api/v1/friend-requests/{id},V6-TASK-051,Mismo PATCH con {status: rejected}.
GET,/api/v1/friends/status,get_friendship_statuses,api,student,current_active_user,list,app.routes.friendshipRoute,exact,/api/v1/friends/status,app/static/js/community_feed.js,rest,GET /api/v1/friends/{id}/status,V6-TASK-051,Hoy recibe el otro usuario por query; la relacion tiene identidad y va en el path.
DELETE,/api/v1/friends/{friend_id},unfriend_user,api,student,current_active_user,,app.routes.friendshipRoute,prefix,/api/v1/friends,app/static/js/community_feed.js|app/static/js/userProfile.js,rest,DELETE /api/v1/friends/{id},V6-TASK-051,
GET,/api/v1/jobs/board,list_job_board_postings,api,student,current_active_user,List,app.routes.jobRoute,exact,/api/v1/jobs/board,app/static/js/jobs.js,rest,GET /api/v1/job-postings,V4-TASK-049,board es la pantalla y no el recurso. Coleccion con limite de servidor (TASK-041).
GET,/api/v1/jobs/keywords,get_job_keywords,api,student,current_active_user,KeywordsResponse,app.routes.jobRoute,exact,/api/v1/jobs/keywords,app/static/js/jobs.js,rest,GET /api/v1/cv-analyses,V4-TASK-049,Historial de analisis del actor; es la coleccion de 5.2 leida.
POST,/api/v1/jobs/keywords/analyze,start_cv_analysis,api,student,current_active_user|current_ai_user,JobInitResponse,app.routes.jobRoute,exact,/api/v1/jobs/keywords/analyze,app/static/js/jobs.js,rest,POST /api/v1/cv-analyses,V4-TASK-049,Correspondencia explicita en 5.2 del plan 08; 202 e Idempotency-Key. Durable por TASK-054.
GET,/api/v1/jobs/keywords/{job_id},get_job_status,api,student,current_active_user,JobStatusResponse,app.routes.jobRoute,prefix,/api/v1/jobs/keywords,app/static/js/jobs.js,rest,GET /api/v1/cv-analyses/{id},V4-TASK-049,Correspondencia explicita en 5.2 del plan 08.
POST,/api/v1/jobs/search,search_jobs,api,student,current_active_user,JobSearchResultsResponse,app.routes.jobRoute,exact,/api/v1/jobs/search,app/static/js/jobs.js,rest,POST /api/v1/job-searches,V4-TASK-049,Correspondencia explicita en 5.2 del plan 08. Scraper fuera del event loop por TASK-020.
GET,/api/v1/me/roadmaps,get_my_roadmaps,api,student,current_active_user,list,app.routes.roadmapRoute,exact,/api/v1/me/roadmaps,app/static/js/roadmaps_list.js,rest,GET /api/v1/roadmaps?saved_by=me,V3-TASK-048,Es la misma coleccion filtrada por la relacion de guardado; no un espacio /me aparte.
GET,/api/v1/posts,get_all_posts,api,student,current_active_user,list,app.routes.postRoute,none,,,retire,GET /api/v1/communities/{id}/posts,V6-TASK-051,SIN CONSUMIDOR: API de posts legacy anterior a las comunidades. Verificar cero trafico antes de retirar (TASK-059).
POST,/api/v1/posts,create_post,api,student,current_active_user,PostCreate,app.routes.postRoute,none,,,retire,POST /api/v1/communities/{id}/posts,V6-TASK-051,SIN CONSUMIDOR: API de posts legacy. Verificar cero trafico antes de retirar (TASK-059).
GET,/api/v1/posts/{post_id},get_post,api,student,current_active_user,PostRead,app.routes.postRoute,none,,,retire,GET /api/v1/community-posts/{id},V6-TASK-051,SIN CONSUMIDOR: API de posts legacy. Verificar cero trafico antes de retirar (TASK-059).
GET,/api/v1/profile,read_profile,api,student,current_active_user,UserRead,app.routes.profileRoute,exact,/api/v1/profile,app/static/js/career_lab.js|app/static/js/community_feed.js|app/static/js/resource_detail.js|app/static/js/userProfile.js,rest,GET /api/v1/users/me,V2-TASK-047,Correspondencia explicita en 5.2 del plan 08. Colisiona con el GET /users/me de fastapi-users: la vertical debe dejar uno solo.
PATCH,/api/v1/profile,update_profile,api,student,current_active_user,UserRead,app.routes.profileRoute,exact,/api/v1/profile,app/static/js/career_lab.js|app/static/js/community_feed.js|app/static/js/resource_detail.js|app/static/js/userProfile.js,rest,PATCH /api/v1/users/me,V2-TASK-047,Correspondencia explicita en 5.2 del plan 08. Misma colision que el GET.
GET,/api/v1/profile/cv,list_resumes,api,student,current_active_user,list,app.routes.resumeRoute,exact,/api/v1/profile/cv,app/static/js/career_lab.js|app/static/js/resource_detail.js|app/static/js/userProfile.js,rest,GET /api/v1/resumes,V2-TASK-047,Correspondencia explicita en 5.2 del plan 08.
GET,/api/v1/profile/cv/course-audit-attempts,get_course_audit_attempts,api,student,current_active_user,ResumeCourseAuditAttemptsRead,app.routes.resumeRoute,exact,/api/v1/profile/cv/course-audit-attempts,app/static/js/resource_detail.js,rest,GET /api/v1/resume-course-audits,V2-TASK-047,Correspondencia explicita en 5.2 del plan 08; historial paginado.
POST,/api/v1/profile/cv/course-audit-upload,upload_resume_for_course_audit,api,student,current_active_user|current_ai_user,ResumeCourseAuditRead,app.routes.resumeRoute,exact,/api/v1/profile/cv/course-audit-upload,app/static/js/resource_detail.js,rest,POST /api/v1/resume-course-audits,V2-TASK-047,Correspondencia explicita en 5.2 del plan 08; crea auditoria/job.
POST,/api/v1/profile/cv/upload,upload_resume,api,student,current_active_user,,app.routes.resumeRoute,exact,/api/v1/profile/cv/upload,app/static/js/career_lab.js|app/static/js/userProfile.js,rest,POST /api/v1/resumes,V2-TASK-047,Correspondencia explicita en 5.2 del plan 08; multipart y 201. Exige Idempotency-Key: dispara IA.
DELETE,/api/v1/profile/cv/{resume_id},delete_resume,api,student,current_active_user,,app.routes.resumeRoute,prefix,/api/v1/profile/cv,app/static/js/career_lab.js|app/static/js/resource_detail.js|app/static/js/userProfile.js,rest,DELETE /api/v1/resumes/{id},V2-TASK-047,Correspondencia explicita en 5.2 del plan 08; ownership obligatorio.
GET,/api/v1/profile/cv/{resume_id}/similar,find_similar_resumes,api,student,current_active_user,,app.routes.resumeRoute,prefix,/api/v1/profile/cv,app/static/js/career_lab.js|app/static/js/resource_detail.js|app/static/js/userProfile.js,rest,GET /api/v1/resumes/{id}/similar-job-postings,V2-TASK-047,similar no dice similar a que; embeddings sin regenerar por TASK-021.
POST,/api/v1/projects/{project_id}/submit,submit_project,api,student,current_active_user,ProjectSubmissionRead,app.routes.roadmapRoute,prefix,/api/v1/projects,app/static/js/roadmap_detail.js,rest,POST /api/v1/projects/{id}/submissions,V3-TASK-048,Crea una entrega con identidad en vez de un efecto anonimo.
GET,/api/v1/questionnaire,get_questionnaire,api,student,current_active_user,QuestionnaireRead,app.routes.questionnaireRoute,exact,/api/v1/questionnaire,app/static/js/questionnaire.js|app/static/js/userProfile.js,rest,GET /api/v1/questionnaire,V2-TASK-047,Debe declarar la version del cuestionario que sirve (TASK-030).
POST,/api/v1/questionnaire,submit_questionnaire,api,student,current_active_user,QuestionnaireResult,app.routes.questionnaireRoute,exact,/api/v1/questionnaire,app/static/js/questionnaire.js|app/static/js/userProfile.js,rest,POST /api/v1/questionnaire/responses,V2-TASK-047,Enviar respuestas crea el recurso respuesta; respeta la version historica (TASK-030).
GET,/api/v1/questionnaire/profile,get_user_profile,api,student,current_active_user,,app.routes.questionnaireRoute,exact,/api/v1/questionnaire/profile,app/static/js/userProfile.js,rest,GET /api/v1/questionnaire/profile,V2-TASK-047,Proyeccion derivada de las respuestas.
GET,/api/v1/resources,get_resources,api,student,current_active_user,list,app.routes.resourceRoute,exact,/api/v1/resources,app/static/js/resource_detail.js,rest,GET /api/v1/resources,V3-TASK-048,Coleccion: exige limite de servidor y paginacion (TASK-041).
GET,/api/v1/resources/file,get_resource_file,api,student,current_active_user,,app.routes.resourceRoute,prefix,/api/v1/resources,app/static/js/resource_detail.js,rest,GET /api/v1/resources/{id}/file,V3-TASK-048,Correspondencia explicita en 5.2 del plan 08: autorizacion por entidad y no por key (TASK-008).
PATCH,/api/v1/resources/lessons/{lesson_id}/progress,patch_lesson_progress,api,student,current_active_user,ResourceProgressRead,app.routes.resourceRoute,prefix,/api/v1/resources/lessons,app/static/js/resource_detail.js,rest,PUT /api/v1/lessons/{id}/progress/me,V3-TASK-048,Progreso del actor sobre la leccion: relacion idempotente. Consultas agrupadas por TASK-018.
GET,/api/v1/resources/{resource_id},get_resource,api,student,current_active_user,ResourceDetailRead,app.routes.resourceRoute,prefix,/api/v1/resources,app/static/js/resource_detail.js,rest,GET /api/v1/resources/{id},V3-TASK-048,
GET,/api/v1/resources/{resource_id}/outline,get_resource_outline,api,student,current_active_user,,app.routes.resourceRoute,prefix,/api/v1/resources,app/static/js/resource_detail.js,rest,GET /api/v1/resources/{id}/outline,V3-TASK-048,
GET,/api/v1/resources/{resource_id}/progress,get_resource_progress,api,student,current_active_user,ResourceProgressRead,app.routes.resourceRoute,prefix,/api/v1/resources,app/static/js/resource_detail.js,rest,GET /api/v1/resources/{id}/progress/me,V3-TASK-048,Es el progreso del actor y no del recurso; hacerlo explicito evita leerlo como global.
GET,/api/v1/roadmaps,list_roadmaps,api,student,current_active_user,list,app.routes.roadmapRoute,exact,/api/v1/roadmaps,app/static/js/roadmap_detail.js,rest,GET /api/v1/roadmaps,V3-TASK-048,Coleccion: exige limite de servidor y paginacion (TASK-041).
GET,/api/v1/roadmaps/{slug},get_roadmap,api,student,current_active_user,RoadmapDetailRead,app.routes.roadmapRoute,prefix,/api/v1/roadmaps,app/static/js/roadmap_detail.js,rest,GET /api/v1/roadmaps/{slug},V3-TASK-048,
DELETE,/api/v1/roadmaps/{slug}/save,unsave_roadmap,api,student,current_active_user,SaveRoadmapResponse,app.routes.roadmapRoute,prefix,/api/v1/roadmaps,app/static/js/roadmap_detail.js,rest,DELETE /api/v1/roadmaps/{slug}/saves/me,V3-TASK-048,Correspondencia explicita en 5.2 del plan 08.
POST,/api/v1/roadmaps/{slug}/save,save_roadmap,api,student,current_active_user,SaveRoadmapResponse,app.routes.roadmapRoute,prefix,/api/v1/roadmaps,app/static/js/roadmap_detail.js,rest,PUT /api/v1/roadmaps/{slug}/saves/me,V3-TASK-048,Correspondencia explicita en 5.2 del plan 08; relacion idempotente.
GET,/api/v1/students_dashboard,get_students_dashboard,api,student,current_active_user,Dict,app.routes.dashboardRoute,exact,/api/v1/students_dashboard,app/static/js/dashboard.js,rest,GET /api/v1/dashboard/student,V3-TASK-048,Correspondencia explicita en 5.2 del plan 08. Absorbe dashboard/stats: un solo presenter calculado en DB (TASK-025).
PATCH,/api/v1/tasks/{task_id}/progress,patch_task_progress,api,student,current_active_user,TaskProgressUpdateResponse,app.routes.roadmapRoute,prefix,/api/v1/tasks,app/static/js/roadmap_detail.js,rest,PUT /api/v1/tasks/{id}/progress/me,V3-TASK-048,Progreso del actor sobre la tarea: relacion idempotente.
POST,/api/v1/upload_post,upload_file,api,student,current_active_user,,app.routes.postRoute,none,,,retire,POST /api/v1/communities/{id}/posts,V6-TASK-051,SIN CONSUMIDOR: API de posts legacy. Verificar cero trafico antes de retirar (TASK-059).
GET,/api/v1/users/me,users:current_user,api,student,fastapi_users:current_active_user,UserRead,fastapi_users.router.users,exact,/api/v1/users/me,app/static/js/admin.js,rest,GET /api/v1/users/me,V1-TASK-046,Generado por fastapi-users. Colisiona con GET /api/v1/profile: TASK-047 debe dejar un unico contrato.
PATCH,/api/v1/users/me,users:patch_current_user,api,student,fastapi_users:current_active_user,UserRead,fastapi_users.router.users,exact,/api/v1/users/me,app/static/js/admin.js,rest,PATCH /api/v1/users/me,V1-TASK-046,Generado por fastapi-users. Misma colision que el GET.
DELETE,/api/v1/users/{id},users:delete_user,api,admin,fastapi_users:current_superuser,,fastapi_users.router.users,prefix,/api/v1/users,app/static/js/admin.js,rest,DELETE /api/v1/admin/users/{id},V8-TASK-053,Generado por fastapi-users y exige superuser: pertenece al contrato de admin y duplica DELETE /admin/users/{user_id}.
GET,/api/v1/users/{id},users:user,api,admin,fastapi_users:current_superuser,UserRead,fastapi_users.router.users,prefix,/api/v1/users,app/static/js/admin.js,rest,GET /api/v1/admin/users/{id},V8-TASK-053,Generado por fastapi-users y exige superuser: pertenece al contrato de admin.
PATCH,/api/v1/users/{id},users:patch_user,api,admin,fastapi_users:current_superuser,UserRead,fastapi_users.router.users,prefix,/api/v1/users,app/static/js/admin.js,rest,PATCH /api/v1/admin/users/{id},V8-TASK-053,Generado por fastapi-users y exige superuser: converge con el PATCH de admin que absorbe los dos toggles.
POST,/auth/jwt/login,auth:jwt.login,api,public,,,fastapi_users.router.auth,exact,/auth/jwt/login,app/static/js/admin_login.js|app/static/js/login.js,rest,POST /api/v1/auth/session,V1-TASK-046,6.2 del plan 08; TASK-042. Ademas sale del prefijo /api/v1: hoy es la unica ruta de API fuera de el.
POST,/auth/jwt/logout,auth:jwt.logout,api,student,current_user_token_dependency,,fastapi_users.router.auth,exact,/auth/jwt/logout,app/static/js/base.js,rest,DELETE /api/v1/auth/session,V1-TASK-046,Par simetrico del anterior; TASK-042.
GET,/career-lab,career_lab,view,student:optional,current_active_user_optional,,app.views.views,exact,/career-lab,app/templates/includes/sidebar.html,retire,SPA /career-lab,V7-TASK-052,
GET,/community,community,view,student:optional,current_active_user_optional,,app.views.views,exact,/community,app/static/js/community.js|app/static/js/community_feed.js|app/templates/community_feed.html|app/templates/dashboard.html|app/templates/includes/navbar.html|app/templates/includes/sidebar.html,retire,SPA /community,V6-TASK-051,
GET,/community/{community_id},community_feed,view,student:optional,current_active_user_optional,,app.views.views,prefix,/community,app/static/js/community.js|app/static/js/community_feed.js|app/templates/community_feed.html|app/templates/dashboard.html|app/templates/includes/navbar.html|app/templates/includes/sidebar.html,retire,SPA /community/:communityId,V6-TASK-051,
GET,/company-candidates,company_candidates_page,view,recruiter:optional,current_active_company_optional|current_active_company_recruiter_optional,,app.views.views,exact,/company-candidates,app/static/js/company-dashboard.js|app/templates/company-dashboard.html|app/templates/includes/company_header.html,retire,SPA /company/candidates,V5-TASK-050,
GET,/company-dashboard,company_dashboard,view,recruiter:optional,current_active_company_optional|current_active_company_recruiter_optional,,app.views.views,exact,/company-dashboard,app/static/js/login.js|app/templates/company-candidates.html|app/templates/includes/company_header.html,retire,SPA /company/dashboard,V5-TASK-050,
GET,/company-team,company_team_page,view,recruiter:optional,current_active_company_optional|current_active_company_recruiter_optional,,app.views.views,exact,/company-team,app/templates/includes/company_header.html,retire,SPA /company/team,V5-TASK-050,
GET,/dashboard,dashboard,view,student:optional,current_active_user_optional,,app.views.views,exact,/dashboard,app/static/js/login.js|app/static/js/questionnaire.js|app/templates/includes/navbar.html|app/templates/includes/sidebar.html|app/templates/userProfile.html,retire,SPA /dashboard,V3-TASK-048,
GET,/docs,swagger_ui_html,asset,public,,,fastapi.applications,none,,,platform,GET /docs,,Generado por FastAPI. Detras del proxy queda accesible; decidir su exposicion publica es parte de TASK-036.
GET,/docs/oauth2-redirect,swagger_ui_redirect,asset,public,,,fastapi.applications,none,,,platform,GET /docs/oauth2-redirect,,Generado por FastAPI.
GET,/favicon.ico,favicon,api,public,,,app.app,exact,/favicon.ico,app/templates/base.html,retire,frontend Nginx,V1-TASK-046,Estatico: pasa al servicio frontend que sirve el bundle.
GET,/home,home,view,public,,,app.views.views,none,,,retire,SPA /,V1-TASK-046,SIN CONSUMIDOR y duplica la home de /. Verificar cero trafico antes de retirar (TASK-059).
GET,/jobs,jobs_board,view,student:optional,current_active_user_optional,,app.views.views,exact,/jobs,app/static/js/company-dashboard.js|app/static/js/jobs.js|app/templates/company-dashboard.html|app/templates/dashboard.html|app/templates/includes/navbar.html|app/templates/includes/sidebar.html,retire,SPA /jobs,V4-TASK-049,
GET,/login,login,view,public,,,app.views.views,exact,/login,app/static/js/admin_login.js|app/static/js/base.js|app/static/js/career_lab.js|app/static/js/community_feed.js|app/static/js/company-candidates.js|app/static/js/company-dashboard.js|app/static/js/dashboard.js|app/static/js/jobs.js|app/static/js/login.js|app/static/js/questionnaire.js|app/static/js/register.js|app/static/js/resource_detail.js|app/static/js/userProfile.js|app/templates/about.html|app/templates/home.html|app/templates/register.html,retire,SPA /login,V1-TASK-046,
GET,/openapi.json,openapi,asset,public,,,fastapi.applications,none,,,platform,GET /openapi.json,,Generado por FastAPI. Es la fuente de verdad del contrato y lo exporta CI (TASK-043).
GET,/questionnaire,questionnaire,view,student:optional,current_active_user_optional,,app.views.views,exact,/questionnaire,app/static/js/questionnaire.js|app/static/js/userProfile.js|app/templates/dashboard.html|app/templates/userProfile.html,retire,SPA /questionnaire,V2-TASK-047,
GET,/redoc,redoc_html,asset,public,,,fastapi.applications,none,,,platform,GET /redoc,,Generado por FastAPI.
GET,/register,register_page,view,public,,,app.views.views,exact,/register,app/static/js/register.js|app/templates/about.html|app/templates/home.html|app/templates/login.html,retire,SPA /register,V1-TASK-046,
GET,/resources,resources,view,student:optional,current_active_user_optional,,app.views.views,exact,/resources,app/static/js/admin.js|app/static/js/dashboard.js|app/static/js/resource_detail.js|app/templates/career_lab.html|app/templates/dashboard.html|app/templates/home.html|app/templates/includes/navbar.html|app/templates/includes/sidebar.html|app/templates/resource_detail.html|app/templates/resources.html,retire,SPA /resources,V3-TASK-048,
GET,/resources/{resource_id},resource_detail,view,student:optional,current_active_user_optional,,app.views.views,prefix,/resources,app/static/js/admin.js|app/static/js/dashboard.js|app/static/js/resource_detail.js|app/templates/career_lab.html|app/templates/dashboard.html|app/templates/home.html|app/templates/includes/navbar.html|app/templates/includes/sidebar.html|app/templates/resource_detail.html|app/templates/resources.html,retire,SPA /resources/:resourceId,V3-TASK-048,
GET,/roadmap,roadmap_redirect,view,student:optional,current_active_user_optional,,app.views.views,exact,/roadmap,app/static/js/roadmap_detail.js|app/static/js/roadmaps_list.js|app/templates/home.html|app/templates/includes/navbar.html|app/templates/includes/sidebar.html|app/templates/roadmaps_list.html,retire,SPA /roadmaps,V3-TASK-048,Redirect legacy al listado.
GET,/roadmaps,roadmaps_page,view,student:optional,current_active_user_optional,,app.views.views,exact,/roadmaps,app/static/js/roadmap_detail.js|app/static/js/roadmaps_list.js|app/templates/includes/navbar.html|app/templates/includes/sidebar.html|app/templates/roadmaps_list.html,retire,SPA /roadmaps,V3-TASK-048,
GET,/roadmaps/{slug},roadmap_detail_page,view,student:optional,current_active_user_optional,,app.views.views,prefix,/roadmaps,app/static/js/roadmap_detail.js|app/static/js/roadmaps_list.js|app/templates/includes/navbar.html|app/templates/includes/sidebar.html|app/templates/roadmaps_list.html,retire,SPA /roadmaps/:slug,V3-TASK-048,
GET,/robots.txt,robots,api,public,,,app.app,none,,,retire,frontend Nginx,V1-TASK-046,Estatico: pasa al servicio frontend.
GET,/sitemap.xml,sitemap,api,public,,,app.app,none,,,retire,frontend Nginx,V1-TASK-046,ACOPLAMIENTO: _build_sitemap_xml deriva lastmod del mtime de app/templates/*.html. TASK-059 borra esas plantillas y lastmod desapareceria en silencio. Mover el sitemap al frontend antes de retirar Jinja.
GET,/user-profile,user_profile,view,student:optional,current_active_user_optional,,app.views.views,exact,/user-profile,app/static/js/jobs.js|app/templates/career_lab.html|app/templates/dashboard.html|app/templates/includes/sidebar.html|app/templates/jobs.html,retire,SPA /profile,V2-TASK-047,
